Country,Code,Year,Innovation_Index
Algeria,DZA,2005,16.135403052074814
Algeria,DZA,2006,16.40691613493613
Algeria,DZA,2007,16.56812273438656
Algeria,DZA,2008,16.385639445657414
Algeria,DZA,2009,16.047763871901456
Algeria,DZA,2010,16.83736328440911
Algeria,DZA,2011,11.574019502448586
Algeria,DZA,2012,12.676769468359842
Algeria,DZA,2013,10.831570712686439
Algeria,DZA,2014,12.229746443684595
Algeria,DZA,2015,13.581282360036717
Algeria,DZA,2016,13.720591849565643
Algeria,DZA,2017,15.414933232009032
Algeria,DZA,2018,16.692489398901067
Algeria,DZA,2019,15.3100486801112
Algeria,DZA,2020,12.820683183272418
Algeria,DZA,2021,13.623490734754562
Algeria,DZA,2022,13.586023585509732
Argentina,ARG,2005,3.3935694885938235
Argentina,ARG,2006,4.315998003137025
Argentina,ARG,2007,7.091670852104231
Argentina,ARG,2008,8.445047335678847
Argentina,ARG,2009,9.304502294492362
Argentina,ARG,2010,8.14824080041947
Argentina,ARG,2011,13.865035722557572
Argentina,ARG,2012,13.02015129082396
Argentina,ARG,2013,10.860407140840342
Argentina,ARG,2014,9.861254806570784
Argentina,ARG,2015,13.240172335527356
Argentina,ARG,2016,10.788026641146958
Argentina,ARG,2017,3.5086431415201584
Argentina,ARG,2018,5.742525268925851
Argentina,ARG,2019,5.164317903867951
Argentina,ARG,2020,4.738578590631644
Argentina,ARG,2021,5.196780669643009
Argentina,ARG,2022,4.956659198991382
Armenia,ARM,2005,15.676020280076349
Armenia,ARM,2006,15.426666518943838
Armenia,ARM,2007,15.539235535974857
Armenia,ARM,2008,16.02398765491248
Armenia,ARM,2009,15.609324667899516
Armenia,ARM,2010,15.626849365452678
Armenia,ARM,2011,15.607107125123015
Armenia,ARM,2012,15.232278211574247
Armenia,ARM,2013,14.596377645298778
Armenia,ARM,2014,14.261267004835815
Armenia,ARM,2015,13.974008014041134
Armenia,ARM,2016,12.312375864712317
Armenia,ARM,2017,15.565838791447678
Armenia,ARM,2018,16.56201612641549
Armenia,ARM,2019,18.957850769238807
Armenia,ARM,2020,17.85065196117123
Armenia,ARM,2021,19.053441959361614
Armenia,ARM,2022,22.561511879339143
Australia,AUS,2005,44.45659931865755
Australia,AUS,2006,45.17822632469326
Australia,AUS,2007,45.80916952073109
Australia,AUS,2008,43.93733558266153
Australia,AUS,2009,42.35306633837452
Australia,AUS,2010,42.65808376546207
Australia,AUS,2011,45.483568988789784
Australia,AUS,2012,47.56956966269186
Australia,AUS,2013,50.90871359182248
Australia,AUS,2014,52.36442385837636
Australia,AUS,2015,52.928927294053885
Australia,AUS,2016,54.81926933540598
Australia,AUS,2017,52.79474058790693
Australia,AUS,2018,50.4812015976779
Australia,AUS,2019,50.11063407884559
Australia,AUS,2020,51.99776546521133
Australia,AUS,2021,57.44483525878524
Australia,AUS,2022,55.2883178646429
Austria,AUT,2005,37.15900380076969
Austria,AUT,2006,36.07558393737661
Austria,AUT,2007,36.75917048258835
Austria,AUT,2008,38.269406125921066
Austria,AUT,2009,40.02605025519079
Austria,AUT,2010,42.88805969067679
Austria,AUT,2011,43.374972325920034
Austria,AUT,2012,44.836055849367526
Austria,AUT,2013,44.67233034656945
Austria,AUT,2014,47.12148908099812
Austria,AUT,2015,46.405575135801655
Austria,AUT,2016,47.30590957890325
Austria,AUT,2017,47.834091927698715
Austria,AUT,2018,48.72644292032001
Austria,AUT,2019,47.84819936297522
Austria,AUT,2020,45.72840905103892
Austria,AUT,2021,46.88955414011358
Austria,AUT,2022,46.60341535000146
Azerbaijan,AZE,2005,4.208511050438
Azerbaijan,AZE,2006,3.814268763965556
Azerbaijan,AZE,2007,4.0144717554592795
Azerbaijan,AZE,2008,3.9361471644889
Azerbaijan,AZE,2009,2.1959583563190392
Azerbaijan,AZE,2010,2.3075951851766625
Azerbaijan,AZE,2011,1.9438277895292184
Azerbaijan,AZE,2012,2.0058990741084415
Azerbaijan,AZE,2013,4.289086303068406
Azerbaijan,AZE,2014,6.288956829447072
Azerbaijan,AZE,2015,8.322767135892096
Azerbaijan,AZE,2016,8.707501358686706
Azerbaijan,AZE,2017,8.863138417322457
Azerbaijan,AZE,2018,8.841642711632213
Azerbaijan,AZE,2019,11.548043388169594
Azerbaijan,AZE,2020,9.293278234516043
Azerbaijan,AZE,2021,9.564177636380618
Azerbaijan,AZE,2022,10.910234008434921
Belarus,BLR,2005,13.032389712621613
Belarus,BLR,2006,13.096887109598734
Belarus,BLR,2007,15.557484925074103
Belarus,BLR,2008,15.357327286436886
Belarus,BLR,2009,16.127613025930305
Belarus,BLR,2010,17.079195503842794
Belarus,BLR,2011,17.83582570231704
Belarus,BLR,2012,18.53419262125459
Belarus,BLR,2013,19.26603302088808
Belarus,BLR,2014,17.58908179767243
Belarus,BLR,2015,17.923461803470143
Belarus,BLR,2016,17.573380190255598
Belarus,BLR,2017,18.322167727235872
Belarus,BLR,2018,19.266783644214986
Belarus,BLR,2019,19.846646174187754
Belarus,BLR,2020,23.380344342203593
Belarus,BLR,2021,25.725703743257295
Belarus,BLR,2022,23.499865719468758
Belgium,BEL,2005,21.665830571514714
Belgium,BEL,2006,20.91424097628227
Belgium,BEL,2007,21.629074007495813
Belgium,BEL,2008,21.998580680033434
Belgium,BEL,2009,23.1205401676544
Belgium,BEL,2010,24.013357130503486
Belgium,BEL,2011,27.009774125598856
Belgium,BEL,2012,27.4252217348947
Belgium,BEL,2013,27.638300547692467
Belgium,BEL,2014,29.88422027819887
Belgium,BEL,2015,29.975635324109177
Belgium,BEL,2016,31.166470791405544
Belgium,BEL,2017,30.577667523548545
Belgium,BEL,2018,31.803045127236874
Belgium,BEL,2019,34.18837443068733
Belgium,BEL,2020,35.94758783915042
Belgium,BEL,2021,38.34562296088023
Belgium,BEL,2022,39.23578070216224
Bosnia and Herzegovina,BIH,2005,3.397128162197933
Bosnia and Herzegovina,BIH,2006,3.4233780143821626
Bosnia and Herzegovina,BIH,2007,3.532621495427006
Bosnia and Herzegovina,BIH,2008,3.698722575622774
Bosnia and Herzegovina,BIH,2009,0.0
Bosnia and Herzegovina,BIH,2010,3.322058040094699
Bosnia and Herzegovina,BIH,2011,4.14727969550334
Bosnia and Herzegovina,BIH,2012,4.122284708299775
Bosnia and Herzegovina,BIH,2013,6.484836535273593
Bosnia and Herzegovina,BIH,2014,3.9997083862098632
Bosnia and Herzegovina,BIH,2015,3.1967740502030266
Bosnia and Herzegovina,BIH,2016,4.748468379424099
Bosnia and Herzegovina,BIH,2017,4.653251328179592
Bosnia and Herzegovina,BIH,2018,5.467721220893505
Bosnia and Herzegovina,BIH,2019,7.4530106583254065
Bosnia and Herzegovina,BIH,2020,7.792700150868681
Bosnia and Herzegovina,BIH,2021,9.018027451138053
Bosnia and Herzegovina,BIH,2022,9.385198543902316
Brazil,BRA,2005,8.423963946295794
Brazil,BRA,2006,9.206498442112728
Brazil,BRA,2007,11.211405218373535
Brazil,BRA,2008,10.810212368914886
Brazil,BRA,2009,14.074415301670207
Brazil,BRA,2010,15.947411185878323
Brazil,BRA,2011,13.773893405548254
Brazil,BRA,2012,14.75419025674903
Brazil,BRA,2013,18.10739717964767
Brazil,BRA,2014,19.546826110864167
Brazil,BRA,2015,22.514458110984442
Brazil,BRA,2016,22.200479903884183
Brazil,BRA,2017,23.035063473774027
Brazil,BRA,2018,22.16556461192859
Brazil,BRA,2019,27.7030348874167
Brazil,BRA,2020,27.260979438549214
Brazil,BRA,2021,25.963154676922855
Brazil,BRA,2022,24.46315728613986
Bulgaria,BGR,2005,8.505731255038643
Bulgaria,BGR,2006,8.408399699740244
Bulgaria,BGR,2007,9.018398839361252
Bulgaria,BGR,2008,6.424414951725358
Bulgaria,BGR,2009,7.365247654287471
Bulgaria,BGR,2010,12.73804551541243
Bulgaria,BGR,2011,13.275651874338282
Bulgaria,BGR,2012,16.965818949387707
Bulgaria,BGR,2013,16.009222634536442
Bulgaria,BGR,2014,16.502181887631437
Bulgaria,BGR,2015,17.906165688067738
Bulgaria,BGR,2016,18.209658811298706
Bulgaria,BGR,2017,18.452205624050816
Bulgaria,BGR,2018,20.02185288960805
Bulgaria,BGR,2019,21.717115762943134
Bulgaria,BGR,2020,20.419280705477615
Bulgaria,BGR,2021,22.143884948920853
Bulgaria,BGR,2022,22.658099497825052
Canada,CAN,2005,31.432598937571743
Canada,CAN,2006,30.26390201753646
Canada,CAN,2007,30.66075438688069
Canada,CAN,2008,31.388532517392427
Canada,CAN,2009,32.693595258995686
Canada,CAN,2010,32.66879647881456
Canada,CAN,2011,33.26407889810533
Canada,CAN,2012,34.14643249530948
Canada,CAN,2013,34.25711502390873
Canada,CAN,2014,34.652144760492234
Canada,CAN,2015,35.6633105620091
Canada,CAN,2016,38.272814327318386
Canada,CAN,2017,40.071946139821755
Canada,CAN,2018,48.50298832396261
Canada,CAN,2019,50.584757726349736
Canada,CAN,2020,50.374711228612455
Canada,CAN,2021,57.125622848426005
Canada,CAN,2022,52.21533577207707
Chile,CHL,2005,16.445403574089333
Chile,CHL,2006,15.05083646664068
Chile,CHL,2007,19.185437178441465
Chile,CHL,2008,15.997026006303038
Chile,CHL,2009,15.852918104871666
Chile,CHL,2010,17.148999172051475
Chile,CHL,2011,22.825582596056034
Chile,CHL,2012,21.777480486639625
Chile,CHL,2013,23.16464592379429
Chile,CHL,2014,28.73666328660785
Chile,CHL,2015,29.242489440302176
Chile,CHL,2016,28.61071416823294
Chile,CHL,2017,29.520156399303293
Chile,CHL,2018,32.257450344415055
Chile,CHL,2019,42.22964133104018
Chile,CHL,2020,35.95133102832749
Chile,CHL,2021,41.81543683004049
Chile,CHL,2022,37.6694182909989
China,CHN,2005,21.62612559273619
China,CHN,2006,24.351632056184513
China,CHN,2007,25.258093094812022
China,CHN,2008,27.342228341963608
China,CHN,2009,30.085715631005854
China,CHN,2010,27.43714501682118
China,CHN,2011,37.61338741519998
China,CHN,2012,30.1765391764424
China,CHN,2013,34.13177946552337
China,CHN,2014,39.29402549359368
China,CHN,2015,39.94670388633706
China,CHN,2016,42.1192498975878
China,CHN,2017,41.91370117822192
China,CHN,2018,44.53825251971131
China,CHN,2019,41.9429674354726
China,CHN,2020,43.84650035839183
China,CHN,2021,44.71988753705161
China,CHN,2022,45.45765453029932
Colombia,COL,2005,20.898872442563864
Colombia,COL,2006,21.006237984789117
Colombia,COL,2007,21.40914072971105
Colombia,COL,2008,23.153953318636926
Colombia,COL,2009,21.568370527643648
Colombia,COL,2010,20.008025823237034
Colombia,COL,2011,20.818724305349757
Colombia,COL,2012,19.25439117488051
Colombia,COL,2013,23.043160712164248
Colombia,COL,2014,19.718116158562886
Colombia,COL,2015,22.815663491454096
Colombia,COL,2016,27.537272738528323
Colombia,COL,2017,20.165569035840278
Colombia,COL,2018,22.154790014735816
Colombia,COL,2019,24.70069705116343
Colombia,COL,2020,30.996648926080933
Colombia,COL,2021,18.700422899394002
Colombia,COL,2022,28.995309622409536
Costa Rica,CRI,2005,8.476305654077029
Costa Rica,CRI,2006,8.502504325701155
Costa Rica,CRI,2007,8.152914432314635
Costa Rica,CRI,2008,7.7148982750975135
Costa Rica,CRI,2009,7.717728873337269
Costa Rica,CRI,2010,6.924996586934371
Costa Rica,CRI,2011,8.348674834757022
Costa Rica,CRI,2012,9.602705534492246
Costa Rica,CRI,2013,8.054526050432063
Costa Rica,CRI,2014,6.97415194529932
Costa Rica,CRI,2015,7.0674015407293735
Costa Rica,CRI,2016,9.503326902208821
Costa Rica,CRI,2017,9.677209943365533
Costa Rica,CRI,2018,11.207046097862412
Costa Rica,CRI,2019,9.735927336475076
Costa Rica,CRI,2020,9.585896050979343
Costa Rica,CRI,2021,10.419553185000312
Costa Rica,CRI,2022,11.437918675138341
Croatia,HRV,2005,15.712039343188325
Croatia,HRV,2006,16.890908367198264
Croatia,HRV,2007,19.72260334182196
Croatia,HRV,2008,22.63068953904142
Croatia,HRV,2009,21.814512602811906
Croatia,HRV,2010,17.29698499827984
Croatia,HRV,2011,21.56349804263752
Croatia,HRV,2012,24.065907005436166
Croatia,HRV,2013,25.993962372500278
Croatia,HRV,2014,24.475798677964185
Croatia,HRV,2015,24.784101179188113
Croatia,HRV,2016,27.088113952324232
Croatia,HRV,2017,30.429322135231114
Croatia,HRV,2018,32.008581190092215
Croatia,HRV,2019,34.32521583873665
Croatia,HRV,2020,37.456868695487536
Croatia,HRV,2021,40.03647489079619
Croatia,HRV,2022,42.34215275314286
Cyprus,CYP,2005,33.63086483529596
Cyprus,CYP,2006,33.85139256769371
Cyprus,CYP,2007,43.84987669375447
Cyprus,CYP,2008,38.044596999923876
Cyprus,CYP,2009,29.300799521693193
Cyprus,CYP,2010,32.79304819705767
Cyprus,CYP,2011,36.33927745765194
Cyprus,CYP,2012,38.300219447082654
Cyprus,CYP,2013,28.77849976105021
Cyprus,CYP,2014,27.085031359505518
Cyprus,CYP,2015,27.35002971147617
Cyprus,CYP,2016,29.89954262666225
Cyprus,CYP,2017,26.398764489029027
Cyprus,CYP,2018,25.23924989473055
Cyprus,CYP,2019,29.64338288625547
Cyprus,CYP,2020,25.458931776524608
Cyprus,CYP,2021,25.338774435931605
Cyprus,CYP,2022,25.030729648439248
Czechia,CZE,2005,21.811913383989975
Czechia,CZE,2006,24.016726287952267
Czechia,CZE,2007,27.12563840995027
Czechia,CZE,2008,28.554419487858475
Czechia,CZE,2009,27.810746875236187
Czechia,CZE,2010,29.073968140183453
Czechia,CZE,2011,29.463960275479405
Czechia,CZE,2012,30.82482234270294
Czechia,CZE,2013,33.031807352894845
Czechia,CZE,2014,33.52574796117981
Czechia,CZE,2015,35.39587741149256
Czechia,CZE,2016,34.469047673951884
Czechia,CZE,2017,35.72736158445547
Czechia,CZE,2018,37.486809403243704
Czechia,CZE,2019,37.84051511540443
Czechia,CZE,2020,36.678183480614365
Czechia,CZE,2021,37.29824481726911
Czechia,CZE,2022,34.921784590116026
Denmark,DNK,2005,38.18922363646395
Denmark,DNK,2006,38.00735707238095
Denmark,DNK,2007,41.75767933651567
Denmark,DNK,2008,40.80087277914328
Denmark,DNK,2009,39.34457654371648
Denmark,DNK,2010,40.64540113921809
Denmark,DNK,2011,43.82588362673776
Denmark,DNK,2012,46.32729579077433
Denmark,DNK,2013,46.15573767567057
Denmark,DNK,2014,50.66316359601244
Denmark,DNK,2015,51.93083392323751
Denmark,DNK,2016,53.78362406645206
Denmark,DNK,2017,54.17539861779448
Denmark,DNK,2018,55.01932564070885
Denmark,DNK,2019,54.428635366869685
Denmark,DNK,2020,54.476376768951184
Denmark,DNK,2021,55.88519018090751
Denmark,DNK,2022,54.59859618453824
El Salvador,SLV,2005,11.83622114759088
El Salvador,SLV,2006,11.449377959189984
El Salvador,SLV,2007,12.357203184450647
El Salvador,SLV,2008,17.144902798432863
El Salvador,SLV,2009,16.585141174655188
El Salvador,SLV,2010,15.710909830339606
El Salvador,SLV,2011,12.752593596097967
El Salvador,SLV,2012,11.503823782323346
El Salvador,SLV,2013,13.60708308751096
El Salvador,SLV,2014,15.712176639962735
El Salvador,SLV,2015,13.934247742944628
El Salvador,SLV,2016,11.725604545788224
El Salvador,SLV,2017,12.009744671267756
El Salvador,SLV,2018,11.300885965917171
El Salvador,SLV,2019,11.712633373413182
El Salvador,SLV,2020,12.755368009673514
El Salvador,SLV,2021,10.685077709632067
El Salvador,SLV,2022,10.102084260727977
Estonia,EST,2005,33.79498685481372
Estonia,EST,2006,35.19453010018148
Estonia,EST,2007,37.66897707152215
Estonia,EST,2008,37.06400789783245
Estonia,EST,2009,35.842955819061046
Estonia,EST,2010,40.590596773268636
Estonia,EST,2011,48.71837281302292
Estonia,EST,2012,49.17871646238543
Estonia,EST,2013,48.865056552787
Estonia,EST,2014,45.407003747662685
Estonia,EST,2015,48.986875067116756
Estonia,EST,2016,53.36998827002446
Estonia,EST,2017,59.87334859310518
Estonia,EST,2018,60.57082052958967
Estonia,EST,2019,64.27659493044477
Estonia,EST,2020,64.54752422443859
Estonia,EST,2021,70.97943227714703
Estonia,EST,2022,65.11450802972304
Finland,FIN,2005,48.992990769633224
Finland,FIN,2006,49.44278067873763
Finland,FIN,2007,51.936367828933925
Finland,FIN,2008,53.53972116142097
Finland,FIN,2009,52.74270223717606
Finland,FIN,2010,55.89822025780985
Finland,FIN,2011,52.818741324995486
Finland,FIN,2012,51.75934197009835
Finland,FIN,2013,50.56820159899954
Finland,FIN,2014,50.170269889846594
Finland,FIN,2015,49.70446687797347
Finland,FIN,2016,50.38121890978938
Finland,FIN,2017,48.56803232966476
Finland,FIN,2018,50.46761439820951
Finland,FIN,2019,52.425807555787785
Finland,FIN,2020,53.874288248497294
Finland,FIN,2021,55.897224629982475
Finland,FIN,2022,56.4053024346841
France,FRA,2005,33.30487787672073
France,FRA,2006,32.88636008671189
France,FRA,2007,31.99874672805511
France,FRA,2008,34.596529781129334
France,FRA,2009,33.93788028331962
France,FRA,2010,35.17673117626103
France,FRA,2011,35.13202098383956
France,FRA,2012,34.577680960970184
France,FRA,2013,31.961996187879816
France,FRA,2014,33.14327079150651
France,FRA,2015,34.1443688895871
France,FRA,2016,34.85998062560166
France,FRA,2017,33.57861447805959
France,FRA,2018,35.377957616276525
France,FRA,2019,36.30379217362847
France,FRA,2020,36.7512495319893
France,FRA,2021,37.96252823576834
France,FRA,2022,42.85333559080024
Georgia,GEO,2005,9.1806082433361
Georgia,GEO,2006,9.217611846907193
Georgia,GEO,2007,5.168378766925082
Georgia,GEO,2008,5.847149771506605
Georgia,GEO,2009,5.9932137314034994
Georgia,GEO,2010,7.110149487611592
Georgia,GEO,2011,9.774779189591513
Georgia,GEO,2012,11.488920012843055
Georgia,GEO,2013,12.678377481707026
Georgia,GEO,2014,13.456835964899385
Georgia,GEO,2015,15.368188436421168
Georgia,GEO,2016,17.311569135210924
Georgia,GEO,2017,18.83827131823045
Georgia,GEO,2018,18.4156267778827
Georgia,GEO,2019,20.313856290323105
Georgia,GEO,2020,13.535586370259937
Georgia,GEO,2021,15.738823734026333
Georgia,GEO,2022,14.993507797881728
Germany,DEU,2005,46.76674982618119
Germany,DEU,2006,46.36001367224976
Germany,DEU,2007,46.46327922381691
Germany,DEU,2008,47.7128664803316
Germany,DEU,2009,48.91856968125402
Germany,DEU,2010,49.036411896365806
Germany,DEU,2011,51.287795221651166
Germany,DEU,2012,51.79511682858773
Germany,DEU,2013,51.385631781617334
Germany,DEU,2014,52.11006392436469
Germany,DEU,2015,51.64320730081406
Germany,DEU,2016,51.28719333486503
Germany,DEU,2017,51.90913933228553
Germany,DEU,2018,51.482924121525656
Germany,DEU,2019,55.45301390659613
Germany,DEU,2020,51.10353086617738
Germany,DEU,2021,52.88085335477211
Germany,DEU,2022,54.50434212041917
Greece,GRC,2005,20.441579549534435
Greece,GRC,2006,20.379737414310817
Greece,GRC,2007,16.6179606838588
Greece,GRC,2008,23.452673990984966
Greece,GRC,2009,23.921501652573742
Greece,GRC,2010,22.237769116303163
Greece,GRC,2011,25.211549567822665
Greece,GRC,2012,24.80744958643051
Greece,GRC,2013,26.276296452635773
Greece,GRC,2014,27.19754345412625
Greece,GRC,2015,25.877260981369165
Greece,GRC,2016,24.596126340390985
Greece,GRC,2017,25.73594033072722
Greece,GRC,2018,26.755688910795044
Greece,GRC,2019,28.619452775664385
Greece,GRC,2020,31.02966469752047
Greece,GRC,2021,30.287986162091002
Greece,GRC,2022,29.445941366525897
Guatemala,GTM,2005,11.030686200011736
Guatemala,GTM,2006,11.106857809764975
Guatemala,GTM,2007,11.165276610775646
Guatemala,GTM,2008,10.514866950382496
Guatemala,GTM,2009,9.753530924108018
Guatemala,GTM,2010,6.544241098368181
Guatemala,GTM,2011,8.40926764426581
Guatemala,GTM,2012,4.648380071330963
Guatemala,GTM,2013,1.004319141362566
Guatemala,GTM,2014,7.12463801608692
Guatemala,GTM,2015,3.833076523104459
Guatemala,GTM,2016,5.765875128903714
Guatemala,GTM,2017,9.820256730674835
Guatemala,GTM,2018,12.126989558198101
Guatemala,GTM,2019,10.098676737099181
Guatemala,GTM,2020,12.93466750093996
Guatemala,GTM,2021,13.119224434018767
Guatemala,GTM,2022,14.095155220950062
Hungary,HUN,2005,5.342776993997377
Hungary,HUN,2006,10.746320962604909
Hungary,HUN,2007,12.803456786414952
Hungary,HUN,2008,16.078898951600795
Hungary,HUN,2009,20.175873060375608
Hungary,HUN,2010,19.572146441323415
Hungary,HUN,2011,21.030967759772132
Hungary,HUN,2012,21.40295252239155
Hungary,HUN,2013,21.836063814463557
Hungary,HUN,2014,22.654785627545255
Hungary,HUN,2015,22.014573122497982
Hungary,HUN,2016,22.1246817998293
Hungary,HUN,2017,23.631028246731812
Hungary,HUN,2018,24.49915952503558
Hungary,HUN,2019,26.04403386526214
Hungary,HUN,2020,20.911650005309657
Hungary,HUN,2021,27.96751749115073
Hungary,HUN,2022,28.838369835082023
Iceland,ISL,2005,44.16892133936792
Iceland,ISL,2006,44.73946728789941
Iceland,ISL,2007,45.71611825360367
Iceland,ISL,2008,38.96620263560301
Iceland,ISL,2009,44.18932978466974
Iceland,ISL,2010,41.532244874410765
Iceland,ISL,2011,40.70290578467594
Iceland,ISL,2012,41.65148565889108
Iceland,ISL,2013,38.95864515479147
Iceland,ISL,2014,41.71144888422134
Iceland,ISL,2015,44.37946090616784
Iceland,ISL,2016,46.65354364988293
Iceland,ISL,2017,44.754108236701995
Iceland,ISL,2018,45.635881712958145
Iceland,ISL,2019,46.108457774341936
Iceland,ISL,2020,45.89318755420989
Iceland,ISL,2021,50.093431774428424
Iceland,ISL,2022,47.98291447371052
India,IND,2005,17.141740376289498
India,IND,2006,17.093704096237587
India,IND,2007,15.832111873414734
India,IND,2008,18.64178666565636
India,IND,2009,18.275636634671425
India,IND,2010,17.880001422077886
India,IND,2011,17.528879694207188
India,IND,2012,17.256961432332556
India,IND,2013,16.822681993419817
India,IND,2014,15.246384731021811
India,IND,2015,19.28402255501074
India,IND,2016,19.577315254438236
India,IND,2017,19.270188943607735
India,IND,2018,21.180132002836917
India,IND,2019,23.82600174225822
India,IND,2020,17.02672170648802
India,IND,2021,22.43139143868498
India,IND,2022,18.981210557068994
Ireland,IRL,2005,29.226712093761254
Ireland,IRL,2006,27.200486462553208
Ireland,IRL,2007,28.691385874591585
Ireland,IRL,2008,27.824408226239093
Ireland,IRL,2009,29.262602561129892
Ireland,IRL,2010,31.779195363364682
Ireland,IRL,2011,33.45757794459496
Ireland,IRL,2012,32.79391623863091
Ireland,IRL,2013,32.645242367925604
Ireland,IRL,2014,31.39041876210984
Ireland,IRL,2015,34.5549229356177
Ireland,IRL,2016,36.90447235852904
Ireland,IRL,2017,35.51135363364019
Ireland,IRL,2018,35.07243242018879
Ireland,IRL,2019,39.43224963113008
Ireland,IRL,2020,40.78505148213493
Ireland,IRL,2021,41.90779225674444
Ireland,IRL,2022,40.00405872158247
Israel,ISR,2005,47.53798500246286
Israel,ISR,2006,47.85783571264286
Israel,ISR,2007,49.856037947526936
Israel,ISR,2008,49.79275256910242
Israel,ISR,2009,47.49265421823394
Israel,ISR,2010,45.51999499058368
Israel,ISR,2011,46.264694348755135
Israel,ISR,2012,47.287980625642895
Israel,ISR,2013,49.587159200899116
Israel,ISR,2014,51.32624812871674
Israel,ISR,2015,52.881829236076584
Israel,ISR,2016,54.00156536718927
Israel,ISR,2017,55.841205508390445
Israel,ISR,2018,56.68821385163931
Israel,ISR,2019,58.65274938468882
Israel,ISR,2020,57.8929551136645
Israel,ISR,2021,60.02477335564358
Israel,ISR,2022,60.68189777915114
Italy,ITA,2005,20.245413137889756
Italy,ITA,2006,19.204547626696865
Italy,ITA,2007,20.884869707767766
Italy,ITA,2008,19.530175342975852
Italy,ITA,2009,19.927725581328144
Italy,ITA,2010,19.561720609389276
Italy,ITA,2011,21.01028133001291
Italy,ITA,2012,21.281252820758905
Italy,ITA,2013,24.114533567133634
Italy,ITA,2014,25.432790888557733
Italy,ITA,2015,25.96027916097745
Italy,ITA,2016,25.757613470401253
Italy,ITA,2017,26.44601969565143
Italy,ITA,2018,27.41140119114909
Italy,ITA,2019,27.441139650880743
Italy,ITA,2020,26.584251238618666
Italy,ITA,2021,31.399070650968884
Italy,ITA,2022,30.29957657302953
Japan,JPN,2005,69.44005109359405
Japan,JPN,2006,68.04984453529553
Japan,JPN,2007,67.60451155865607
Japan,JPN,2008,67.96287479519185
Japan,JPN,2009,61.59248867042175
Japan,JPN,2010,60.53480190139513
Japan,JPN,2011,62.58000506440202
Japan,JPN,2012,61.30501129990379
Japan,JPN,2013,59.82357955057777
Japan,JPN,2014,59.53944894332761
Japan,JPN,2015,58.12185633265228
Japan,JPN,2016,57.94339820439768
Japan,JPN,2017,58.56161722273855
Japan,JPN,2018,58.75910770952789
Japan,JPN,2019,57.83728186054585
Japan,JPN,2020,56.31225696518018
Japan,JPN,2021,56.8484990245783
Japan,JPN,2022,57.18783267389047
Kazakhstan,KAZ,2005,14.011648716889644
Kazakhstan,KAZ,2006,13.698747846662872
Kazakhstan,KAZ,2007,14.374970414399657
Kazakhstan,KAZ,2008,14.218664694478672
Kazakhstan,KAZ,2009,13.854280450707881
Kazakhstan,KAZ,2010,13.948240333255793
Kazakhstan,KAZ,2011,15.41064256825775
Kazakhstan,KAZ,2012,16.280898572052063
Kazakhstan,KAZ,2013,17.439989356732095
Kazakhstan,KAZ,2014,17.601138395665483
Kazakhstan,KAZ,2015,14.615073585450384
Kazakhstan,KAZ,2016,14.60867922966274
Kazakhstan,KAZ,2017,13.520051709098771
Kazakhstan,KAZ,2018,16.82365139250415
Kazakhstan,KAZ,2019,20.18932936877356
Kazakhstan,KAZ,2020,23.04172161299966
Kazakhstan,KAZ,2021,23.068619396432936
Kazakhstan,KAZ,2022,23.101345429370355
Latvia,LVA,2005,9.603111045569026
Latvia,LVA,2006,9.09128069072427
Latvia,LVA,2007,8.378307013100748
Latvia,LVA,2008,10.237737178452457
Latvia,LVA,2009,12.808522954223708
Latvia,LVA,2010,17.343708513383028
Latvia,LVA,2011,26.778698797597357
Latvia,LVA,2012,29.499119000354796
Latvia,LVA,2013,28.77432475670715
Latvia,LVA,2014,29.5555473463916
Latvia,LVA,2015,29.34683005764578
Latvia,LVA,2016,26.475315365461306
Latvia,LVA,2017,27.52073475908355
Latvia,LVA,2018,28.136422958092705
Latvia,LVA,2019,29.116288570321846
Latvia,LVA,2020,28.093023659104034
Latvia,LVA,2021,30.01575543840887
Latvia,LVA,2022,28.048844393177053
Lithuania,LTU,2005,19.218550316805995
Lithuania,LTU,2006,20.355070437516776
Lithuania,LTU,2007,19.806601710535215
Lithuania,LTU,2008,22.33260382627035
Lithuania,LTU,2009,21.95205143819799
Lithuania,LTU,2010,22.57434732111399
Lithuania,LTU,2011,24.55322476496544
Lithuania,LTU,2012,22.53368477795069
Lithuania,LTU,2013,26.424955173395446
Lithuania,LTU,2014,27.10272524106277
Lithuania,LTU,2015,25.747607896038648
Lithuania,LTU,2016,25.252910921929754
Lithuania,LTU,2017,27.622988685262897
Lithuania,LTU,2018,28.618255105700136
Lithuania,LTU,2019,30.22620754538716
Lithuania,LTU,2020,30.743599435486
Lithuania,LTU,2021,31.501309279659022
Lithuania,LTU,2022,29.47528281168769
Luxembourg,LUX,2005,29.03967524867911
Luxembourg,LUX,2006,30.266758739684384
Luxembourg,LUX,2007,29.769379411450323
Luxembourg,LUX,2008,32.580937544215075
Luxembourg,LUX,2009,32.57199270648103
Luxembourg,LUX,2010,33.564321630351316
Luxembourg,LUX,2011,26.96257365915928
Luxembourg,LUX,2012,33.045756640538286
Luxembourg,LUX,2013,39.007495813850255
Luxembourg,LUX,2014,39.358060747650065
Luxembourg,LUX,2015,39.84148696674513
Luxembourg,LUX,2016,41.9617721948717
Luxembourg,LUX,2017,41.94500918726527
Luxembourg,LUX,2018,45.48706185558821
Luxembourg,LUX,2019,46.937364993175876
Luxembourg,LUX,2020,43.874696830286574
Luxembourg,LUX,2021,48.65229423120409
Luxembourg,LUX,2022,47.925812717241854
Madagascar,MDG,2005,15.9451234582377
Madagascar,MDG,2006,12.76452625259581
Madagascar,MDG,2007,16.850948902369183
Madagascar,MDG,2008,15.736590764757628
Madagascar,MDG,2009,17.095493864045004
Madagascar,MDG,2010,14.7321436975202
Madagascar,MDG,2011,15.43972187465238
Madagascar,MDG,2012,16.058082910799754
Madagascar,MDG,2013,16.684027611810073
Madagascar,MDG,2014,17.303653157613354
Madagascar,MDG,2015,19.760542107582662
Madagascar,MDG,2016,17.859531437187627
Madagascar,MDG,2017,17.6602859518153
Madagascar,MDG,2018,17.519113156642234
Madagascar,MDG,2019,20.813565734844154
Madagascar,MDG,2020,16.83403194294641
Madagascar,MDG,2021,16.839181973624587
Madagascar,MDG,2022,16.190513572623978
Malaysia,MYS,2005,31.183912000255987
Malaysia,MYS,2006,31.412348069993485
Malaysia,MYS,2007,32.72961075690644
Malaysia,MYS,2008,27.572185288255156
Malaysia,MYS,2009,25.47516563978767
Malaysia,MYS,2010,26.383981084771957
Malaysia,MYS,2011,27.841504205650914
Malaysia,MYS,2012,24.845818115525965
Malaysia,MYS,2013,23.96147665475951
Malaysia,MYS,2014,23.161749789377566
Malaysia,MYS,2015,19.611970893828264
Malaysia,MYS,2016,27.152394656290816
Malaysia,MYS,2017,39.578303992125726
Malaysia,MYS,2018,45.66818532764728
Malaysia,MYS,2019,44.40562802714209
Malaysia,MYS,2020,43.77040291538972
Malaysia,MYS,2021,48.67858802955349
Malaysia,MYS,2022,46.01892772757191
Malta,MLT,2005,17.758272522871184
Malta,MLT,2006,21.197644003375498
Malta,MLT,2007,23.02927533400255
Malta,MLT,2008,25.657065730006423
Malta,MLT,2009,26.30399958046515
Malta,MLT,2010,30.2087102496704
Malta,MLT,2011,35.99881048096229
Malta,MLT,2012,41.30889450167944
Malta,MLT,2013,45.0742329085038
Malta,MLT,2014,45.52864985527698
Malta,MLT,2015,47.21133076888771
Malta,MLT,2016,39.89281300805103
Malta,MLT,2017,42.89431922661573
Malta,MLT,2018,42.61145309447187
Malta,MLT,2019,35.368474910918614
Malta,MLT,2020,34.72953033642765
Malta,MLT,2021,32.91693983553068
Malta,MLT,2022,32.37482095389811
Mexico,MEX,2005,10.984841399915645
Mexico,MEX,2006,10.105216988715226
Mexico,MEX,2007,13.067580540265098
Mexico,MEX,2008,16.586782982304268
Mexico,MEX,2009,15.255492620291214
Mexico,MEX,2010,13.997141923053055
Mexico,MEX,2011,14.307858692915229
Mexico,MEX,2012,16.336876631082138
Mexico,MEX,2013,19.10296744753909
Mexico,MEX,2014,23.241677842111187
Mexico,MEX,2015,24.81238402446893
Mexico,MEX,2016,19.735633606829843
Mexico,MEX,2017,16.874568985434642
Mexico,MEX,2018,16.614426093842066
Mexico,MEX,2019,16.345609014128584
Mexico,MEX,2020,16.25845101142706
Mexico,MEX,2021,15.022619815037967
Mexico,MEX,2022,14.420415588536633
Moldova,MDA,2005,18.79628215457865
Moldova,MDA,2006,18.25091459148453
Moldova,MDA,2007,19.49747379244672
Moldova,MDA,2008,19.02002815516659
Moldova,MDA,2009,17.54226183955278
Moldova,MDA,2010,16.725667120915933
Moldova,MDA,2011,16.5838422564915
Moldova,MDA,2012,16.63080208846658
Moldova,MDA,2013,14.961804444694174
Moldova,MDA,2014,16.581072682264654
Moldova,MDA,2015,14.263886174377898
Moldova,MDA,2016,14.928362398564413
Moldova,MDA,2017,15.299627861023135
Moldova,MDA,2018,15.496921937861915
Moldova,MDA,2019,16.837608195653758
Moldova,MDA,2020,17.406234897547698
Moldova,MDA,2021,17.509091869097198
Moldova,MDA,2022,15.866057502903095
Mongolia,MNG,2005,15.97722191780068
Mongolia,MNG,2006,16.382433010982
Mongolia,MNG,2007,15.111550473338406
Mongolia,MNG,2008,13.651663933451431
Mongolia,MNG,2009,13.04900240442454
Mongolia,MNG,2010,12.703654606115844
Mongolia,MNG,2011,14.7497551278958
Mongolia,MNG,2012,14.468038299209793
Mongolia,MNG,2013,16.00392114405525
Mongolia,MNG,2014,16.200671418515373
Mongolia,MNG,2015,14.851006017565155
Mongolia,MNG,2016,15.516580369540733
Mongolia,MNG,2017,16.48742657744092
Mongolia,MNG,2018,18.80450073455029
Mongolia,MNG,2019,17.284163090720007
Mongolia,MNG,2020,13.423835648249863
Mongolia,MNG,2021,13.961902887530735
Mongolia,MNG,2022,14.190410078206437
Morocco,MAR,2005,17.065635993352544
Morocco,MAR,2006,17.096893965952155
Morocco,MAR,2007,17.55947524001438
Morocco,MAR,2008,25.910917667155964
Morocco,MAR,2009,27.994216214129313
Morocco,MAR,2010,25.900057112666875
Morocco,MAR,2011,21.504096418069057
Morocco,MAR,2012,17.114026547884457
Morocco,MAR,2013,12.60145904883837
Morocco,MAR,2014,8.183166824004605
Morocco,MAR,2015,3.579727188355178
Morocco,MAR,2016,6.047112073958568
Morocco,MAR,2017,9.335710155884401
Morocco,MAR,2018,7.871542398359517
Morocco,MAR,2019,13.411844043127482
Morocco,MAR,2020,10.175558739662966
Morocco,MAR,2021,15.90246975943241
Morocco,MAR,2022,14.20972391975576
Netherlands,NLD,2005,23.131154074212265
Netherlands,NLD,2006,24.15356179308214
Netherlands,NLD,2007,23.93925070242493
Netherlands,NLD,2008,24.53518304414252
Netherlands,NLD,2009,27.591213825105516
Netherlands,NLD,2010,28.034919478164177
Netherlands,NLD,2011,30.110533707533815
Netherlands,NLD,2012,32.17233721079887
Netherlands,NLD,2013,32.62954512880353
Netherlands,NLD,2014,33.20933984212347
Netherlands,NLD,2015,31.583749372780723
Netherlands,NLD,2016,35.318942765760056
Netherlands,NLD,2017,35.18082477059685
Netherlands,NLD,2018,37.77663584152627
Netherlands,NLD,2019,37.40818945287721
Netherlands,NLD,2020,39.65114418823582
Netherlands,NLD,2021,43.0642631336379
Netherlands,NLD,2022,41.8148691230261
New Zealand,NZL,2005,59.0570399346286
New Zealand,NZL,2006,60.687182874437184
New Zealand,NZL,2007,61.24296435124571
New Zealand,NZL,2008,53.64393042505261
New Zealand,NZL,2009,53.48218664232507
New Zealand,NZL,2010,52.7673494903392
New Zealand,NZL,2011,52.84696051853478
New Zealand,NZL,2012,53.07426132969304
New Zealand,NZL,2013,54.02344966330885
New Zealand,NZL,2014,55.56069570088007
New Zealand,NZL,2015,54.98663679499438
New Zealand,NZL,2016,56.199962423498164
New Zealand,NZL,2017,56.46388994481778
New Zealand,NZL,2018,56.06833277450905
New Zealand,NZL,2019,54.75718158383116
New Zealand,NZL,2020,56.19668151037509
New Zealand,NZL,2021,57.96591030872222
New Zealand,NZL,2022,55.20495439612171
North Macedonia,MKD,2005,19.46377220381045
North Macedonia,MKD,2006,18.132137607328335
North Macedonia,MKD,2007,16.61615470207907
North Macedonia,MKD,2008,16.556721766390396
North Macedonia,MKD,2009,15.925553209328939
North Macedonia,MKD,2010,10.558413811535985
North Macedonia,MKD,2011,11.720495224476144
North Macedonia,MKD,2012,10.06757633256253
North Macedonia,MKD,2013,12.534052971874946
North Macedonia,MKD,2014,12.34186626169866
North Macedonia,MKD,2015,10.581671444436243
North Macedonia,MKD,2016,11.446063352600872
North Macedonia,MKD,2017,11.724706544296646
North Macedonia,MKD,2018,12.882480983121955
North Macedonia,MKD,2019,11.99137667633819
North Macedonia,MKD,2020,10.440208255661338
North Macedonia,MKD,2021,11.251735809201193
North Macedonia,MKD,2022,13.571688470963238
Norway,NOR,2005,37.4880459195537
Norway,NOR,2006,37.514238887992754
Norway,NOR,2007,31.998465206300754
Norway,NOR,2008,32.99249844839874
Norway,NOR,2009,34.048371369613164
Norway,NOR,2010,33.663055962314566
Norway,NOR,2011,34.362150653991534
Norway,NOR,2012,37.322772698649565
Norway,NOR,2013,40.08837800191176
Norway,NOR,2014,40.34092495834153
Norway,NOR,2015,42.31587633629903
Norway,NOR,2016,44.52260557245337
Norway,NOR,2017,47.81664499206848
Norway,NOR,2018,48.312518739062355
Norway,NOR,2019,48.90551049092819
Norway,NOR,2020,50.57483354732742
Norway,NOR,2021,48.90300198853697
Norway,NOR,2022,47.07444877835997
Pakistan,PAK,2005,7.393886636170449
Pakistan,PAK,2006,7.8884727748796095
Pakistan,PAK,2007,8.383978819451313
Pakistan,PAK,2008,8.121208147908687
Pakistan,PAK,2009,7.84066471973726
Pakistan,PAK,2010,7.625880630285356
Pakistan,PAK,2011,7.40057753893078
Pakistan,PAK,2012,9.42013321462713
Pakistan,PAK,2013,8.38830888745694
Pakistan,PAK,2014,7.342543200428284
Pakistan,PAK,2015,6.329080311679871
Pakistan,PAK,2016,5.406262857734372
Pakistan,PAK,2017,4.521794824876489
Pakistan,PAK,2018,3.5490465187500306
Pakistan,PAK,2019,2.6404941824318353
Pakistan,PAK,2020,2.6948465292432813
Pakistan,PAK,2021,2.8472661368613523
Pakistan,PAK,2022,2.9120154720587714
Panama,PAN,2005,17.62585184095386
Panama,PAN,2006,18.63866534377036
Panama,PAN,2007,18.624582970109092
Panama,PAN,2008,17.738914883071065
Panama,PAN,2009,17.288833018263816
Panama,PAN,2010,22.2366068711025
Panama,PAN,2011,29.25919296520323
Panama,PAN,2012,17.71582107747625
Panama,PAN,2013,25.498045677947083
Panama,PAN,2014,20.76948139065118
Panama,PAN,2015,16.368163831191332
Panama,PAN,2016,12.71884349995775
Panama,PAN,2017,13.75727323429059
Panama,PAN,2018,11.456942959454821
Panama,PAN,2019,19.257365057257932
Panama,PAN,2020,24.160214492264522
Panama,PAN,2021,17.801042833270525
Panama,PAN,2022,20.6693518016748
Peru,PER,2005,35.9138194248313
Peru,PER,2006,35.96562407268175
Peru,PER,2007,24.494558265079096
Peru,PER,2008,24.642674054657732
Peru,PER,2009,20.741126168990526
Peru,PER,2010,26.302873558090255
Peru,PER,2011,23.202027081170726
Peru,PER,2012,20.99323272931666
Peru,PER,2013,23.74279762328114
Peru,PER,2014,28.416310831170673
Peru,PER,2015,23.135377029960154
Peru,PER,2016,25.413261756426653
Peru,PER,2017,30.281947292848532
Peru,PER,2018,28.45537970939937
Peru,PER,2019,29.115984128434018
Peru,PER,2020,29.017685508635715
Peru,PER,2021,30.058877326305268
Peru,PER,2022,30.23757468295457
Philippines,PHL,2005,19.261245749064113
Philippines,PHL,2006,19.256032066869043
Philippines,PHL,2007,19.00463609888945
Philippines,PHL,2008,18.807146984205712
Philippines,PHL,2009,18.546695153373395
Philippines,PHL,2010,18.335588856338713
Philippines,PHL,2011,18.01547720681912
Philippines,PHL,2012,18.473616140305467
Philippines,PHL,2013,17.914340107917294
Philippines,PHL,2014,17.888172882973254
Philippines,PHL,2015,16.738253111368493
Philippines,PHL,2016,17.669512426624486
Philippines,PHL,2017,20.22253166281784
Philippines,PHL,2018,17.00214710381653
Philippines,PHL,2019,16.278900534615044
Philippines,PHL,2020,15.57989325093667
Philippines,PHL,2021,18.486066028497287
Philippines,PHL,2022,15.538490222126168
Poland,POL,2005,11.491206874225908
Poland,POL,2006,11.937776669929578
Poland,POL,2007,12.089465652804208
Poland,POL,2008,12.718676042968285
Poland,POL,2009,13.212452260726248
Poland,POL,2010,14.052433178879722
Poland,POL,2011,14.72237902744124
Poland,POL,2012,16.892436977881935
Poland,POL,2013,17.971010198320513
Poland,POL,2014,19.86779466047321
Poland,POL,2015,22.759245344361663
Poland,POL,2016,24.6515563540869
Poland,POL,2017,23.14205178917973
Poland,POL,2018,20.302222639908393
Poland,POL,2019,20.583644507688184
Poland,POL,2020,18.581296220690547
Poland,POL,2021,19.149051194193195
Poland,POL,2022,17.74023053189537
Portugal,PRT,2005,21.934735484764182
Portugal,PRT,2006,23.634408006901143
Portugal,PRT,2007,29.365741421070478
Portugal,PRT,2008,32.40701710630523
Portugal,PRT,2009,31.048944489298886
Portugal,PRT,2010,27.308419580769872
Portugal,PRT,2011,31.205414531652114
Portugal,PRT,2012,31.736818950236124
Portugal,PRT,2013,34.376913795137696
Portugal,PRT,2014,36.625710999738644
Portugal,PRT,2015,37.123752117910634
Portugal,PRT,2016,36.439601434365585
Portugal,PRT,2017,38.55243342739362
Portugal,PRT,2018,40.932996901527424
Portugal,PRT,2019,44.16046665639616
Portugal,PRT,2020,44.14660433661302
Portugal,PRT,2021,46.93917633199926
Portugal,PRT,2022,48.05293380305757
Romania,ROU,2005,12.518214590693436
Romania,ROU,2006,11.00704627163077
Romania,ROU,2007,12.15202205036698
Romania,ROU,2008,11.271173429898365
Romania,ROU,2009,14.606596831253288
Romania,ROU,2010,10.015354579628768
Romania,ROU,2011,18.49971334524699
Romania,ROU,2012,19.766881925507306
Romania,ROU,2013,22.431737219306374
Romania,ROU,2014,24.1579613270963
Romania,ROU,2015,25.504198156537473
Romania,ROU,2016,26.084269869294356
Romania,ROU,2017,28.51468769933546
Romania,ROU,2018,28.24720282333686
Romania,ROU,2019,28.995784962370163
Romania,ROU,2020,26.6173767074065
Romania,ROU,2021,29.49099532628609
Romania,ROU,2022,28.20414907358903
Saudi Arabia,SAU,2005,0.4834386900548647
Saudi Arabia,SAU,2006,11.533967429257249
Saudi Arabia,SAU,2007,5.744784184270803
Saudi Arabia,SAU,2008,6.173644479988156
Saudi Arabia,SAU,2009,6.3519843533629095
Saudi Arabia,SAU,2010,23.889441779957426
Saudi Arabia,SAU,2011,23.50542425228082
Saudi Arabia,SAU,2012,19.6026926165496
Saudi Arabia,SAU,2013,18.571789921563404
Saudi Arabia,SAU,2014,17.643916030953587
Saudi Arabia,SAU,2015,16.457909033004565
Saudi Arabia,SAU,2016,16.073092953689898
Saudi Arabia,SAU,2017,14.959444289037327
Saudi Arabia,SAU,2018,15.104875262236774
Saudi Arabia,SAU,2019,18.098722428487996
Saudi Arabia,SAU,2020,22.756763832679933
Saudi Arabia,SAU,2021,25.82893681400893
Saudi Arabia,SAU,2022,30.95447645765973
Serbia,SRB,2005,12.59334475711748
Serbia,SRB,2006,12.94128511784422
Serbia,SRB,2007,17.432492765116685
Serbia,SRB,2008,14.86757330599257
Serbia,SRB,2009,13.949098067936202
Serbia,SRB,2010,16.00486450187245
Serbia,SRB,2011,18.286964683830995
Serbia,SRB,2012,21.02019124290833
Serbia,SRB,2013,19.71217323949574
Serbia,SRB,2014,19.87608913564473
Serbia,SRB,2015,20.3318708707175
Serbia,SRB,2016,21.19489660689239
Serbia,SRB,2017,22.263923780492938
Serbia,SRB,2018,24.021710457945915
Serbia,SRB,2019,24.858343672542425
Serbia,SRB,2020,26.619796962265873
Serbia,SRB,2021,28.047857896117577
Serbia,SRB,2022,28.763316426121744
Singapore,SGP,2005,51.040922792081965
Singapore,SGP,2006,49.093275758864365
Singapore,SGP,2007,50.2490296743256
Singapore,SGP,2008,51.769813867530424
Singapore,SGP,2009,49.53869030858525
Singapore,SGP,2010,51.38608085336761
Singapore,SGP,2011,53.29772578549671
Singapore,SGP,2012,57.62702138869248
Singapore,SGP,2013,57.81371241747158
Singapore,SGP,2014,60.1323798895379
Singapore,SGP,2015,60.05844135784611
Singapore,SGP,2016,60.66530954365494
Singapore,SGP,2017,60.902802336826646
Singapore,SGP,2018,61.27591987796605
Singapore,SGP,2019,62.529761339240906
Singapore,SGP,2020,65.08166655894244
Singapore,SGP,2021,68.28494235068935
Singapore,SGP,2022,67.79587132316158
Slovakia,SVK,2005,40.876402154727856
Slovakia,SVK,2006,39.29594103212861
Slovakia,SVK,2007,39.64681316423162
Slovakia,SVK,2008,37.77711714597446
Slovakia,SVK,2009,37.33950759235933
Slovakia,SVK,2010,38.316085129707574
Slovakia,SVK,2011,38.33461663564145
Slovakia,SVK,2012,35.72398917374071
Slovakia,SVK,2013,35.445497641405424
Slovakia,SVK,2014,37.50561681567331
Slovakia,SVK,2015,36.95191588031402
Slovakia,SVK,2016,37.49642071138186
Slovakia,SVK,2017,39.72841698590206
Slovakia,SVK,2018,40.04006152845408
Slovakia,SVK,2019,41.857295363293865
Slovakia,SVK,2020,42.243146775747505
Slovakia,SVK,2021,35.420050577889334
Slovakia,SVK,2022,38.406751632064726
Slovenia,SVN,2005,23.085667703943685
Slovenia,SVN,2006,21.900646088230683
Slovenia,SVN,2007,24.95629874299156
Slovenia,SVN,2008,29.961041733892706
Slovenia,SVN,2009,31.264790850075585
Slovenia,SVN,2010,34.34115863680064
Slovenia,SVN,2011,39.481839882601896
Slovenia,SVN,2012,42.26036562022413
Slovenia,SVN,2013,44.27861948626861
Slovenia,SVN,2014,42.5501208734637
Slovenia,SVN,2015,40.052170366239245
Slovenia,SVN,2016,39.45981091477845
Slovenia,SVN,2017,38.4251265382829
Slovenia,SVN,2018,37.85769811271232
Slovenia,SVN,2019,41.475753810806665
Slovenia,SVN,2020,41.45096974823629
Slovenia,SVN,2021,43.68936024862777
Slovenia,SVN,2022,44.13018995545183
South Africa,ZAF,2005,13.98707784340352
South Africa,ZAF,2006,14.224786189321778
South Africa,ZAF,2007,15.882754877608669
South Africa,ZAF,2008,17.059435320094273
South Africa,ZAF,2009,14.185705526334406
South Africa,ZAF,2010,14.672155903512934
South Africa,ZAF,2011,13.986436456643975
South Africa,ZAF,2012,14.309851003487003
South Africa,ZAF,2013,17.30488096666773
South Africa,ZAF,2014,14.483379679396293
South Africa,ZAF,2015,19.263826715664297
South Africa,ZAF,2016,17.028657137579756
South Africa,ZAF,2017,21.320534321084807
South Africa,ZAF,2018,20.623631263478046
South Africa,ZAF,2019,20.73973268987732
South Africa,ZAF,2020,24.561025991601788
South Africa,ZAF,2021,28.256175188064574
South Africa,ZAF,2022,18.779730815531245
South Korea,KOR,2005,78.76648299219325
South Korea,KOR,2006,79.2767267072869
South Korea,KOR,2007,79.53443397803784
South Korea,KOR,2008,77.94586095592237
South Korea,KOR,2009,74.34470045169861
South Korea,KOR,2010,76.39218975738663
South Korea,KOR,2011,80.04915485642266
South Korea,KOR,2012,81.77294508838693
South Korea,KOR,2013,84.97182217404563
South Korea,KOR,2014,86.80930320503965
South Korea,KOR,2015,88.37174717419809
South Korea,KOR,2016,85.13844882649121
South Korea,KOR,2017,88.72255587018763
South Korea,KOR,2018,91.53037846760282
South Korea,KOR,2019,95.05628342409416
South Korea,KOR,2020,96.91156126220545
South Korea,KOR,2021,100.0
South Korea,KOR,2022,98.67709994270041
Spain,ESP,2005,26.795718643896443
Spain,ESP,2006,28.913402296102316
Spain,ESP,2007,29.454944738284162
Spain,ESP,2008,28.08820834319431
Spain,ESP,2009,26.102820810079923
Spain,ESP,2010,25.70741319222229
Spain,ESP,2011,27.152452582427333
Spain,ESP,2012,24.874952241708595
Spain,ESP,2013,27.01043916945533
Spain,ESP,2014,26.505060009069936
Spain,ESP,2015,26.997162353668745
Spain,ESP,2016,25.470268143963736
Spain,ESP,2017,25.665387445689436
Spain,ESP,2018,25.04245726997703
Spain,ESP,2019,24.651612081348215
Spain,ESP,2020,24.58176748348136
Spain,ESP,2021,26.955957776117373
Spain,ESP,2022,26.53232372767418
Sweden,SWE,2005,47.24029612259909
Sweden,SWE,2006,47.34523608349827
Sweden,SWE,2007,45.773890478803686
Sweden,SWE,2008,46.54591387734561
Sweden,SWE,2009,46.38722334048996
Sweden,SWE,2010,48.25859866274329
Sweden,SWE,2011,50.965836413383414
Sweden,SWE,2012,53.3182171000091
Sweden,SWE,2013,54.250184051718755
Sweden,SWE,2014,52.856481230871886
Sweden,SWE,2015,54.36116203838037
Sweden,SWE,2016,55.6137323109579
Sweden,SWE,2017,56.06669227241341
Sweden,SWE,2018,53.80037558294293
Sweden,SWE,2019,55.87687470639906
Sweden,SWE,2020,57.060494260814096
Sweden,SWE,2021,60.46408401769856
Sweden,SWE,2022,60.36011552969994
Switzerland,CHE,2005,45.05556825660739
Switzerland,CHE,2006,45.68831055545148
Switzerland,CHE,2007,45.63616053413218
Switzerland,CHE,2008,45.6416276011967
Switzerland,CHE,2009,47.65449260373942
Switzerland,CHE,2010,45.15116778790164
Switzerland,CHE,2011,48.79780644913803
Switzerland,CHE,2012,49.65890776262232
Switzerland,CHE,2013,53.042530245117156
Switzerland,CHE,2014,52.94131254406336
Switzerland,CHE,2015,53.90055804299203
Switzerland,CHE,2016,54.60945314038012
Switzerland,CHE,2017,55.58414540132931
Switzerland,CHE,2018,54.57737087866299
Switzerland,CHE,2019,57.43753306583561
Switzerland,CHE,2020,57.53430955215428
Switzerland,CHE,2021,59.592994482114435
Switzerland,CHE,2022,56.315641645300886
Thailand,THA,2005,22.507269738497413
Thailand,THA,2006,18.039416027371278
Thailand,THA,2007,27.60033270693638
Thailand,THA,2008,26.183979902607813
Thailand,THA,2009,24.84521107974911
Thailand,THA,2010,23.930361611872282
Thailand,THA,2011,22.764860644423717
Thailand,THA,2012,22.697888792924896
Thailand,THA,2013,21.99453838049079
Thailand,THA,2014,26.733870331695357
Thailand,THA,2015,19.39910372702817
Thailand,THA,2016,24.27777669829006
Thailand,THA,2017,29.60748772695478
Thailand,THA,2018,28.843144683730415
Thailand,THA,2019,29.24100818004573
Thailand,THA,2020,30.211618122864458
Thailand,THA,2021,30.327125940891037
Thailand,THA,2022,30.558997449777902
Trinidad and Tobago,TTO,2005,18.993464784270834
Trinidad and Tobago,TTO,2006,18.47026000825515
Trinidad and Tobago,TTO,2007,18.757428960067198
Trinidad and Tobago,TTO,2008,18.473296974514888
Trinidad and Tobago,TTO,2009,18.165677668030515
Trinidad and Tobago,TTO,2010,18.786466212530268
Trinidad and Tobago,TTO,2011,25.693699139952702
Trinidad and Tobago,TTO,2012,18.70389905615047
Trinidad and Tobago,TTO,2013,23.09044322543756
Trinidad and Tobago,TTO,2014,20.013034080023264
Trinidad and Tobago,TTO,2015,19.83175645159597
Trinidad and Tobago,TTO,2016,19.452117842694598
Trinidad and Tobago,TTO,2017,19.10422525322296
Trinidad and Tobago,TTO,2018,19.330340598171585
Trinidad and Tobago,TTO,2019,19.57990306466431
Trinidad and Tobago,TTO,2020,22.377011210017436
Trinidad and Tobago,TTO,2021,25.311663634288607
Trinidad and Tobago,TTO,2022,27.75893152964361
Tunisia,TUN,2005,29.727583153659086
Tunisia,TUN,2006,29.81559363134729
Tunisia,TUN,2007,30.370379490072168
Tunisia,TUN,2008,30.520106491424308
Tunisia,TUN,2009,31.3709727258554
Tunisia,TUN,2010,28.824743005313042
Tunisia,TUN,2011,28.52587333009818
Tunisia,TUN,2012,27.984363032157418
Tunisia,TUN,2013,30.041163678371387
Tunisia,TUN,2014,32.05615889467069
Tunisia,TUN,2015,34.00479086191734
Tunisia,TUN,2016,35.27436556798635
Tunisia,TUN,2017,36.261921077131305
Tunisia,TUN,2018,36.75766034128228
Tunisia,TUN,2019,35.296717527230136
Tunisia,TUN,2020,33.83866116348279
Tunisia,TUN,2021,35.00732563413911
Tunisia,TUN,2022,35.88610455290212
Ukraine,UKR,2005,23.473695351682405
Ukraine,UKR,2006,22.753841045793312
Ukraine,UKR,2007,22.45657161586362
Ukraine,UKR,2008,22.11684172769896
Ukraine,UKR,2009,22.62172118462106
Ukraine,UKR,2010,23.414609206855143
Ukraine,UKR,2011,23.190002816001865
Ukraine,UKR,2012,22.43697631715872
Ukraine,UKR,2013,23.2250741230738
Ukraine,UKR,2014,22.92749153332431
Ukraine,UKR,2015,23.203804515072683
Ukraine,UKR,2016,22.90679292529059
Ukraine,UKR,2017,21.116279164994406
Ukraine,UKR,2018,22.309548999549094
Ukraine,UKR,2019,22.563085358426445
Ukraine,UKR,2020,21.67877339248881
Ukraine,UKR,2021,22.990842064154005
Ukraine,UKR,2022,22.516413786827144
United Kingdom,GBR,2005,39.20393529926082
United Kingdom,GBR,2006,38.94789335259026
United Kingdom,GBR,2007,40.21205983831301
United Kingdom,GBR,2008,37.681096781669446
United Kingdom,GBR,2009,38.24017330398649
United Kingdom,GBR,2010,39.777043209002095
United Kingdom,GBR,2011,41.76208992628339
United Kingdom,GBR,2012,43.539538440922904
United Kingdom,GBR,2013,45.53778861938537
United Kingdom,GBR,2014,53.396447157686175
United Kingdom,GBR,2015,51.302478229530735
United Kingdom,GBR,2016,54.091921033377666
United Kingdom,GBR,2017,52.82406620980975
United Kingdom,GBR,2018,55.20649217568119
United Kingdom,GBR,2019,56.21777807700069
United Kingdom,GBR,2020,55.459835550384526
United Kingdom,GBR,2021,59.309864160104375
United Kingdom,GBR,2022,59.403079387598154
United States,USA,2005,57.26585814138952
United States,USA,2006,56.06499965862118
United States,USA,2007,56.89452584534956
United States,USA,2008,57.8695017266583
United States,USA,2009,55.34003179026755
United States,USA,2010,55.59107672126324
United States,USA,2011,60.20044940398631
United States,USA,2012,61.23050108901658
United States,USA,2013,62.038331571042995
United States,USA,2014,63.076864696655456
United States,USA,2015,63.11177889741744
United States,USA,2016,64.65737674784866
United States,USA,2017,65.93348162880805
United States,USA,2018,68.09285888429525
United States,USA,2019,70.76123530078081
United States,USA,2020,70.03919826375207
United States,USA,2021,71.74188890874215
United States,USA,2022,74.00032719298379
Uruguay,URY,2005,5.496144999058843
Uruguay,URY,2006,5.080005975111772
Uruguay,URY,2007,5.251856145312448
Uruguay,URY,2008,4.8070804164330845
Uruguay,URY,2009,6.591115453374898
Uruguay,URY,2010,8.230024319591585
Uruguay,URY,2011,13.258118132078566
Uruguay,URY,2012,12.12425656129645
Uruguay,URY,2013,10.525181021043432
Uruguay,URY,2014,13.046947479194667
Uruguay,URY,2015,11.411855790250911
Uruguay,URY,2016,12.299145505432122
Uruguay,URY,2017,13.270399589665182
Uruguay,URY,2018,15.672858822261624
Uruguay,URY,2019,17.32075567136528
Uruguay,URY,2020,19.549563973508793
Uruguay,URY,2021,23.923279793516713
Uruguay,URY,2022,23.509541935640257
Uzbekistan,UZB,2005,30.798529058623718
Uzbekistan,UZB,2006,30.752871340987493
Uzbekistan,UZB,2007,30.74444749902485
Uzbekistan,UZB,2008,30.568642350208457
Uzbekistan,UZB,2009,30.814158003950553
Uzbekistan,UZB,2010,30.700221041106413
Uzbekistan,UZB,2011,30.666469016692893
Uzbekistan,UZB,2012,30.4820987400955
Uzbekistan,UZB,2013,30.692116521634897
Uzbekistan,UZB,2014,30.68856268424891
Uzbekistan,UZB,2015,30.757330903920792
Uzbekistan,UZB,2016,30.97073204328383
Uzbekistan,UZB,2017,30.529094617060277
Uzbekistan,UZB,2018,33.897790691368165
Uzbekistan,UZB,2019,34.44535886447906
Uzbekistan,UZB,2020,36.72781391355275
Uzbekistan,UZB,2021,33.60016270239805
Uzbekistan,UZB,2022,33.66155479856017
